﻿{
  "$schema": "https://aka.ms/azure-quickstart-templates-metadata-schema#",
  "type": "QuickStart",
  "itemDisplayName": "Provision a function app on a dynamic hosting plan",
  "description": "This template provisions a function app on a dynamic hosting plan, meaning it will be run on demand and billed per execution, with no standing resource committment. There are other templates available for provisioning on a dedicated hosting plan.",
  "summary": "Provision a function app on a dynamic hosting plan",
  "githubUsername": "imcuteani",
  "dateUpdated": "2018-10-10"
}
