{
  "name": "dbo-hivelogs",
  "properties": {
    "type": "AzureSqlTable",
    "linkedServiceName": "sql-database",
    "structure": [
      {
        "name": "log_date",
        "type": "Datetime"
      },
      {
        "name": "requests",
        "type": "Int32"
      },
      {
        "name": "bytes_in",
        "type": "Decimal"
      },
      {
        "name": "bytes_out",
        "type": "Decimal"
      }
    ],
    "typeProperties": {
      "tableName": "dbo.hivelogs"
    },
    "availability": {
      "frequency": "Month",
      "interval": 1
    }
  }
}