{
  "name": "transactions-txt",
  "properties": {
    "structure": [
      {
        "name": "tdate",
        "type": "Datetime"
      },
      {
        "name": "amount",
        "type": "Decimal"
      }
    ],
    "type": "AzureBlob",
    "linkedServiceName": "blob-store",
    "typeProperties": {
      "folderPath": "adf-data/data/",
      "format": {
        "type": "TextFormat",
        "columnDelimiter": ",",
        "firstRowAsHeader": true
      }
    },
    "external": true,
    "availability": {
      "frequency": "Minute",
      "interval": 15
    }
  }
}