{
  "name": "usql-iislog-txt",
  "properties": {
    "structure": [
      {
        "name": "log_date",
        "type": "String"
      },
      {
        "name": "log_time",
        "type": "String"
      },
      {
        "name": "c_ip",
        "type": "String"
      },
      {
        "name": "cs_username",
        "type": "String"
      },
      {
        "name": "s_ip",
        "type": "String"
      },
      {
        "name": "s_port",
        "type": "String"
      },
      {
        "name": "cs_method",
        "type": "String"
      },
      {
        "name": "cs_uri_stem",
        "type": "String"
      },
      {
        "name": "cs_uri_query",
        "type": "String"
      },
      {
        "name": "sc_status",
        "type": "String"
      },
      {
        "name": "sc_bytes",
        "type": "Int32"
      },
      {
        "name": "cs_bytes",
        "type": "Int32"
      },
      {
        "name": "time_taken",
        "type": "Int32"
      },
      {
        "name": "cs_user_agent",
        "type": "String"
      },
      {
        "name": "cs_referrer",
        "type": "String"
      }
    ],
    "type": "AzureBlob",
    "linkedServiceName": "blob-store",
    "typeProperties": {
      "folderPath": "adf-data/iislogs/{Year}/{Month}/",
      "format": {
        "type": "TextFormat",
        "columnDelimiter": " "
      },
      "partitionedBy": [
        {
          "name": "Year",
          "value": {
            "type": "DateTime",
            "date": "SliceStart",
            "format": "yyyy"
          }
        },
        {
          "name": "Month",
          "value": {
            "type": "DateTime",
            "date": "SliceStart",
            "format": "MM"
          }
        }
      ]
    },
    "availability": {
      "frequency": "Month",
      "interval": 1
    },
    "external": true,
    "policy": {
      "validation": {
        "minimumSizeMB": 0.01
      }
    }
  }
}
