{
  "$schema": "https://schema.management.azure.com/schemas/2015-01-01/deploymentTemplate.json#",
  "contentVersion": "1.0.0.0",
  "parameters": {
    "powerbiWorkspaceName": {
      "type": "string",
      "minLength": 3,
      "maxLength": 63,
      "metadata": {
        "description": "A unique name for the PowerBI workspace collection. It should match with the following regular expression: ^(?:[a-zA-Z0-9]+-?)+$ or it will raise an error. "
      }
    },
    "sku": {
      "type": "string",
      "allowedValues": [
        "S1",
        "s1"
      ],
      "metadata": {
        "description": "provide the sku for powerbi workspace collection."
      }
    },
    "location": {
      "type": "string",
      "defaultValue": "[resourceGroup().location]",
      "metadata": {
        "description": "Location for all resources."
      }
    }
  },
  "resources": [
    {
      "apiVersion": "2016-01-29",
      "type": "Microsoft.PowerBI/workspaceCollections",
      "name": "[parameters('powerbiWorkspaceName')]",
      "location": "[parameters('location')]",
      "sku": {
        "name": "[parameters('sku')]"
      },
      "tags": {
        "ObjectName": "[parameters('powerbiWorkspaceName')]"
      }
    }
  ],
  "outputs": {
    "powerbiWorkspaceName": {
      "type": "string",
      "value": "[parameters('powerbiWorkspaceName')]"
    }
  }
}
